{"assets/images/BeerBallerLogo_kleiner.png":["assets/images/BeerBallerLogo_kleiner.png"],"packages/cupertino_icons/assets/CupertinoIcons.ttf":["packages/cupertino_icons/assets/CupertinoIcons.ttf"],"assets/images/games/Drinkopoly.jpg":["assets/images/games/Drinkopoly.jpg"],"assets/images/games/DrungJenga.jpg":["assets/images/games/DrungJenga.jpg"],"assets/images/games/Elefantenrennen.jpg":["assets/images/games/Elefantenrennen.jpg"],"assets/images/games/FingeraufGlas.jpg":["assets/images/games/FingeraufGlas.jpg"],"assets/fonts/Inknut_Antiqua/InknutAntiqua-Black.ttf":["assets/fonts/Inknut_Antiqua/InknutAntiqua-Black.ttf"],"assets/fonts/Inknut_Antiqua/InknutAntiqua-Bold.ttf":["assets/fonts/Inknut_Antiqua/InknutAntiqua-Bold.ttf"],"assets/fonts/Inknut_Antiqua/InknutAntiqua-ExtraBold.ttf":["assets/fonts/Inknut_Antiqua/InknutAntiqua-ExtraBold.ttf"],"assets/fonts/Inknut_Antiqua/InknutAntiqua-Light.ttf":["assets/fonts/Inknut_Antiqua/InknutAntiqua-Light.ttf"],"assets/fonts/Inknut_Antiqua/InknutAntiqua-Medium.ttf":["assets/fonts/Inknut_Antiqua/InknutAntiqua-Medium.ttf"],"assets/fonts/Inknut_Antiqua/InknutAntiqua-Regular.ttf":["assets/fonts/Inknut_Antiqua/InknutAntiqua-Regular.ttf"],"assets/fonts/Inknut_Antiqua/InknutAntiqua-SemiBold.ttf":["assets/fonts/Inknut_Antiqua/InknutAntiqua-SemiBold.ttf"],"assets/images/games/Klamottenmarathon.jpg":["assets/images/games/Klamottenmarathon.jpg"],"assets/images/games/Klattschen.jpg":["assets/images/games/Klattschen.jpg"],"assets/images/games/LoopingLouie.jpg":["assets/images/games/LoopingLouie.jpg"],"assets/images/games/Luftgucken.jpg":["assets/images/games/Luftgucken.jpg"],"assets/images/games/M%C3%A4xchen.jpg":["assets/images/games/M%C3%A4xchen.jpg"],"assets/fonts/Oswald-VariableFont_wght.ttf":["assets/fonts/Oswald-VariableFont_wght.ttf"],"assets/images/PNGFormat_klein.png":["assets/images/PNGFormat_klein.png"],"assets/images/games/Sch%C3%A4tzen.jpg":["assets/images/games/Sch%C3%A4tzen.jpg"],"assets/images/games/Shotsversenken.jpg":["assets/images/games/Shotsversenken.jpg"],"assets/images/games/Zigarettenschachtelwerfen.jpg":["assets/images/games/Zigarettenschachtelwerfen.jpg"],"assets/images/games/archloch.jpg":["assets/images/games/archloch.jpg"],"assets/images/games/asssaufen.jpg":["assets/images/games/asssaufen.jpg"],"assets/images/games/avalanche.jpg":["assets/images/games/avalanche.jpg"],"assets/images/games/bechern.jpg":["assets/images/games/bechern.jpg"],"assets/images/games/beerpong.jpg":["assets/images/games/beerpong.jpg"],"assets/images/games/bierargerdichnicht.jpg":["assets/images/games/bierargerdichnicht.jpg"],"assets/images/games/bierbeln.jpg":["assets/images/games/bierbeln.jpg"],"assets/images/games/biermeister.jpg":["assets/images/games/biermeister.jpg"],"assets/images/games/blackjack.jpg":["assets/images/games/blackjack.jpg"],"assets/images/boardGameIcon.png":["assets/images/boardGameIcon.png"],"assets/images/games/busfahren.jpg":["assets/images/games/busfahren.jpg"],"assets/images/games/captainshithead.jpg":["assets/images/games/captainshithead.jpg"],"assets/images/cardGamesIcon.png":["assets/images/cardGamesIcon.png"],"assets/images/IconsInGame/categoryIcon.jpg":["assets/images/IconsInGame/categoryIcon.jpg"],"assets/images/Infopage/checkIcon.png":["assets/images/Infopage/checkIcon.png"],"assets/images/Infopage/crossIcon.png":["assets/images/Infopage/crossIcon.png"],"assets/images/cupGamesIcon.png":["assets/images/cupGamesIcon.png"],"assets/images/games/damenwahl.jpg":["assets/images/games/damenwahl.jpg"],"assets/images/IconsInGame/dareIcon.jpg":["assets/images/IconsInGame/dareIcon.jpg"],"assets/images/games/darepong.jpg":["assets/images/games/darepong.jpg"],"assets/images/diceGamesIcon.png":["assets/images/diceGamesIcon.png"],"assets/images/games/drinkbitch.jpg":["assets/images/games/drinkbitch.jpg"],"assets/images/IconsInGame/estimateIcon.jpg":["assets/images/IconsInGame/estimateIcon.jpg"],"packages/font_awesome_flutter/lib/fonts/fa-brands-400.ttf":["packages/font_awesome_flutter/lib/fonts/fa-brands-400.ttf"],"packages/font_awesome_flutter/lib/fonts/fa-regular-400.ttf":["packages/font_awesome_flutter/lib/fonts/fa-regular-400.ttf"],"packages/font_awesome_flutter/lib/fonts/fa-solid-900.ttf":["packages/font_awesome_flutter/lib/fonts/fa-solid-900.ttf"],"assets/images/games/flachwitzchallenge.jpg":["assets/images/games/flachwitzchallenge.jpg"],"assets/images/games/flaschendrehen.jpg":["assets/images/games/flaschendrehen.jpg"],"assets/images/games/flipcup.jpg":["assets/images/games/flipcup.jpg"],"assets/images/games/flipcuptiktaktoe.jpg":["assets/images/games/flipcuptiktaktoe.jpg"],"assets/images/games/flunkyball.jpg":["assets/images/games/flunkyball.jpg"],"assets/images/games/fusion.jpg":["assets/images/games/fusion.jpg"],"assets/images/games/giantbeerpong.jpg":["assets/images/games/giantbeerpong.jpg"],"assets/images//Infopage/groupPic.jpg":["assets/images//Infopage/groupPic.jpg"],"assets/images/games/h%C3%B6herodertiefer.jpg":["assets/images/games/h%C3%B6herodertiefer.jpg"],"assets/images/inGameAppIcon.png":["assets/images/inGameAppIcon.png"],"assets/images/games/kanake.jpg":["assets/images/games/kanake.jpg"],"assets/images/games/kartenpusten.jpg":["assets/images/games/kartenpusten.jpg"],"assets/images/games/kartensaugen.jpg":["assets/images/games/kartensaugen.jpg"],"assets/images/games/klimpern.jpg":["assets/images/games/klimpern.jpg"],"assets/images/games/klopfdiekarte.jpg":["assets/images/games/klopfdiekarte.jpg"],"assets/images/games/kommandopimperle.jpg":["assets/images/games/kommandopimperle.jpg"],"assets/images/Infopage/logowhite.png":["assets/images/Infopage/logowhite.png"],"assets/images/games/maumau.jpg":["assets/images/games/maumau.jpg"],"assets/images/Infopage/models.jpg":["assets/images/Infopage/models.jpg"],"assets/images/games/models.jpg":["assets/images/games/models.jpg"],"assets/images/IconsInGame/neverEverHaveiIcon.jpg":["assets/images/IconsInGame/neverEverHaveiIcon.jpg"],"assets/images/games/neverhaveiever.jpg":["assets/images/games/neverhaveiever.jpg"],"assets/images/otherGamesIcon.png":["assets/images/otherGamesIcon.png"],"assets/images/games/pferderennen.jpg":["assets/images/games/pferderennen.jpg"],"assets/images/games/ragecage.jpg":["assets/images/games/ragecage.jpg"],"assets/images/games/russischePost.jpg":["assets/images/games/russischePost.jpg"],"assets/images/games/russischroulette.jpg":["assets/images/games/russischroulette.jpg"],"assets/images/games/shotpong.jpg":["assets/images/games/shotpong.jpg"],"assets/images/games/soccer.jpg":["assets/images/games/soccer.jpg"],"assets/images/IconsInGame/swipe.png":["assets/images/IconsInGame/swipe.png"],"assets/images/IconsInGame/tap.png":["assets/images/IconsInGame/tap.png"],"assets/images/Infopage/teamBildTische.jpg":["assets/images/Infopage/teamBildTische.jpg"],"assets/res/textFileCategoryGame.json":["assets/res/textFileCategoryGame.json"],"assets/res/textFileGames.json":["assets/res/textFileGames.json"],"assets/res/textFileNeverEver.json":["assets/res/textFileNeverEver.json"],"assets/res/textFileTruDar.json":["assets/res/textFileTruDar.json"],"assets/res/textfile.json":["assets/res/textfile.json"],"assets/images/IconsInGame/trueIcon.jpg":["assets/images/IconsInGame/trueIcon.jpg"],"assets/images/games/wahrheitoderpflicht.jpg":["assets/images/games/wahrheitoderpflicht.jpg"],"assets/images/games/werbinich.jpg":["assets/images/games/werbinich.jpg"],"assets/images/games/werlachtverliert.jpg":["assets/images/games/werlachtverliert.jpg"],"assets/images/games/werw%C3%BCrdeeher.jpg":["assets/images/games/werw%C3%BCrdeeher.jpg"],"assets/images/games/wortersetzen.jpg":["assets/images/games/wortersetzen.jpg"]}