[{"family":"MaterialIcons","fonts":[{"asset":"fonts/MaterialIcons-Regular.ttf"}]},{"family":"Oswald","fonts":[{"asset":"assets/fonts/Oswald-VariableFont_wght.ttf"}]},{"family":"Inknut","fonts":[{"weight":300,"asset":"assets/fonts/Inknut_Antiqua/InknutAntiqua-Light.ttf"},{"weight":400,"asset":"assets/fonts/Inknut_Antiqua/InknutAntiqua-Regular.ttf"},{"weight":500,"asset":"assets/fonts/Inknut_Antiqua/InknutAntiqua-Medium.ttf"},{"weight":600,"asset":"assets/fonts/Inknut_Antiqua/InknutAntiqua-SemiBold.ttf"},{"weight":700,"asset":"assets/fonts/Inknut_Antiqua/InknutAntiqua-Bold.ttf"},{"weight":800,"asset":"assets/fonts/Inknut_Antiqua/InknutAntiqua-ExtraBold.ttf"},{"weight":900,"asset":"assets/fonts/Inknut_Antiqua/InknutAntiqua-Black.ttf"}]},{"family":"packages/cupertino_icons/CupertinoIcons","fonts":[{"asset":"packages/cupertino_icons/assets/CupertinoIcons.ttf"}]},{"family":"packages/font_awesome_flutter/FontAwesomeBrands","fonts":[{"weight":400,"asset":"packages/font_awesome_flutter/lib/fonts/fa-brands-400.ttf"}]},{"family":"packages/font_awesome_flutter/FontAwesomeRegular","fonts":[{"weight":400,"asset":"packages/font_awesome_flutter/lib/fonts/fa-regular-400.ttf"}]},{"family":"packages/font_awesome_flutter/FontAwesomeSolid","fonts":[{"weight":900,"asset":"packages/font_awesome_flutter/lib/fonts/fa-solid-900.ttf"}]}]