[
  {
    "text": "Automarken"
  },
  {
    "text": "Scary-Movies"
  },
  {
    "text": "Getränkemarken"
  },
  {
    "text": "Biermarken"
  },
  {
    "text": "Schauspieler"
  },
  {
    "text": "Handymarken"
  },
  {
    "text": "Fernsehserien"
  },
  {
    "text": "Fernsehsender"
  },
  {
    "text": "Automarken"
  },
  {
    "text": "Länder"
  },
  {
    "text": "Städte"
  },
  {
    "text": "Flüsse"
  },
  {
    "text": "US Präsidenten"
  },
  {
    "text": "Sexpositionen"
  },
  {
    "text": "Musikarten"
  },
  {
    "text": "Gemüse"
  },
  {
    "text": "Obst"
  },
  {
    "text": "Pizzasorten"
  },
  {
    "text": "Kuchensorten"
  },
  {
    "text": "Pilzsorten"
  },
  {
    "text": "Käsesorten"
  },
  {
    "text": "Süßigkeiten"
  },
  {
    "text": "Teesorten"
  },
  {
    "text": "Cocktailsorten"
  },
  {
    "text": "Hunderassen"
  },
  {
    "text": "Baumarten"
  },
  {
    "text": "Insekten"
  },
  {
    "text": "Fischarten"
  },
  {
    "text": "Zeichentrickserien"
  },
  {
    "text": "YouTube Kanal"
  },
  {
    "text": "Videospiel/Computerspiel"
  },
  {
    "text": "Superkraft"
  },
  {
    "text": "Synonym für Geschlechtsverkehr"
  },
  {
    "text": "Todesursache"
  },
  {
    "text": "Fußballspieler"
  },
  {
    "text": "Sportler"
  },
  {
    "text": "Schauspieler"
  },
  {
    "text": "Autor"
  },
  {
    "text": "Politiker"
  },
  {
    "text": "Sänger"
  },
  {
    "text": "Künstler"
  },
  {
    "text": "Körperteil"
  },
  {
    "text": "Sprache"
  },
  {
    "text": "Hobby"
  },
  {
    "text": "Gefühl"
  },
  {
    "text": "Krankheit"
  },
  {
    "text": "Verbrechen"
  },
  {
    "text": "Berg"
  },
  {
    "text": "Meer"
  },
  {
    "text": "Farbe"
  },
  {
    "text": "Werkzeug"
  },
  {
    "text": "Schimpfwort"
  },
  {
    "text": "Mpdemarke"
  },
  {
    "text": "Kosmetikartikel"
  },
  {
    "text": "Sportart"
  },
  {
    "text": "Schulfach"
  },
  {
    "text": "Gegenstand, der gerade im Raum ist"
  },
  {
    "text": "Werbeslogan"
  },
  {
    "text": "Jugendwort"
  },
  {
    "text": "Eissorten"
  },
  {
    "text": "Naturkatastrophen"
  },
  {
    "text": "Chemisches Element"
  },
  {
    "text": "Gewürz"
  },
  {
    "text": "Trennungsgrund"
  },
  {
    "text": "Disneyfigur"
  },
  {
    "text": "Musikinstrument"
  },
  {
    "text": "Mädchennamen mit N"
  },
  {
    "text": "Europäische Länder"
  },
  {
    "text": "Afrikanische Länder"
  },
  {
    "text": "Jungennamen mit A"
  },
  {
    "text": "Musikgenres"
  },
  {
    "text": "Hunderassen"
  },
  {
    "text": "Fußballvereine"
  },
  {
    "text": "Berufe"
  },
  {
    "text": "Großstädte"
  },
  {
    "text": "Serien"
  },
  {
    "text": "Insekten"
  },
  {
    "text": "Disney Charakteure"
  },
  {
    "text": "Sprachen"
  },
  {
    "text": "Werkzeuge"
  },
  {
    "text": "Brettspiele"
  },
  {
    "text": "Verbrechen"
  },
  {
    "text": "Dinge aus dem Badezimmer"
  },
  {
    "text": "Farben"
  },
  {
    "text": "Dinge aus der Küche"
  },
  {
    "text": "Zeichentrickserien"
  },
  {
    "text": "Deutsche Sehenswürdigkeiten"
  },
  {
    "text": "Körperteile"
  },
  {
    "text": "Musikgenres"
  },
  {
    "text": "Verben"
  },
  {
    "text": "Elektronische Geräte"
  },
  {
    "text": "Hauptstädte"
  },
  {
    "text": "Fußballvereine"
  },
  {
    "text": "Buchtitel"
  },
  {
    "text": "Bands"
  },
  {
    "text": "Typisch Deutsch"
  },
  {
    "text": "Superhelden"
  },
  {
    "text": "Schurken"
  },
  {
    "text": "Transportmittel"
  },
  {
    "text": "Berge"
  },
  {
    "text": "Radmarken"
  }
]

