[
  {
    "text": "eine Klausur geschrieben auf die ich weniger als eine Stunde gelernt hatte."
  },
  {
    "text": "eine Frisur, für die ich mich heute schäme."
  },
  {
    "text": "nach dem Sport nicht geduscht."
  },
  {
    "text": "geraucht"
  },
  {
    "text": "eine Beziehung gehabt, die ich im Nachhinein bereue."
  },
  {
    "text": "drei Tage hintereinander einen Vollrausch gehabt."
  },
  {
    "text": "einen Liebesbrief bekommen."
  },
  {
    "text": "mehr als eine halbe Stunde im Internet nach einer bestimmten Person recherchiert."
  },
  {
    "text": "so viel getrunken, dass ich mich übergeben musste."
  },
  {
    "text": "nackt im Meer/See gebadet."
  },
  {
    "text": "meine Führerscheinprüfung wiederholen müssen."
  },
  {
    "text": "etwas verloren, weil ich so betrunken war."
  },
  {
    "text": "Selbstgespräche geführt."
  },
  {
    "text": "an meiner Unterwäsche gerochen, um zu sehen, ob sie noch frisch ist."
  },
  {
    "text": "länger als 3 Stunden mit einer Person telefoniert."
  },
  {
    "text": "eine schlechte Schulnote vor meinen Eltern verheimlicht."
  },
  {
    "text": "bei einer Datingapp ein Profil erstellt."
  },
  {
    "text": "einen Knutschfleck gehabt."
  },
  {
    "text": "etwas im Internet bestellt, weil ich mich nicht getraut habe es im Laden zu kaufen."
  },
  {
    "text": "Sex in der Küche gehabt."
  },
  {
    "text": "meinem Partner erotische Texte geschrieben."
  },
  {
    "text": "jemanden geküsst und es danach bereut."
  },
  {
    "text": "Fantasien gehabt, für die ich mich schäme."
  },
  {
    "text": "so viel getrunken, dass ich beim Sex eingeschlafen bin."
  },
  {
    "text": "während des Sex an eine andere Person gedacht."
  },
  {
    "text": "per SMS mit jemanden Schluss gemacht."
  },
  {
    "text": "mit jemanden geschlafen, an dessen Namen ich mich nicht erinnern konnte."
  },
  {
    "text": "unter der Dusche gesungen."
  },
  {
    "text": "bei diesem Spiel etwas neues über einen Mitspieler erfahren, was ich nicht von ihm/ihr erwartet hatte."
  },
  {
    "text": "meinen Kummer in Alkohol ertränkt, bis ich nicht mehr gerade laufen konnte."
  },
  {
    "text": "gekiffft."
  },
  {
    "text": "in einem Club mit mehreren Personen rumgemacht."
  },
  {
    "text": "mit jemanden geflirtet, obwohl ich in einer Beziehung war."
  },
  {
    "text": "das Herz eines anderen gebrochen."
  },
  {
    "text": "Sex in der Badewanne gehabt."
  },
  {
    "text": "eine falsche Identität im Internet benutzt."
  },
  {
    "text": "Eine Schwarzfahrt in Kauf genommen, statt mir ein Ticket zu kaufen."
  },
  {
    "text": "einen Filmriss nach dem Feiern gehabt."
  },
  {
    "text": "vor 13 Uhr so viel getrunken, dass ich besoffen war."
  },
  {
    "text": "jemanden gedatet, der eigenartig war."
  },
  {
    "text": "einen Rausschmiss in einem Club bekommen."
  },
  {
    "text": "telefoniert während ich auf dem Klo saß."
  },
  {
    "text": "versucht, das Passwort eines anderen zu erraten."
  },
  {
    "text": "eine Beziehung beendet, weil der Sex nicht gut war."
  },
  {
    "text": "ein Verkehrsschild überfahren:"
  },
  {
    "text": "ein anderes Auto angefahren."
  },
  {
    "text": "24 Stunden am Stück Fernsehen geschaut."
  },
  {
    "text": "mehr als 200 Euro beim Feiern an einem Abend ausgegeben."
  },
  {
    "text": "mein Handy verloren."
  },
  {
    "text": "einen wichtigen Termin verschlafen:"
  },
  {
    "text": "einem anderen Autofahrer den Stinkefinger gezeigt."
  },
  {
    "text": "die Anfrage eines Vorgesetzten auf Facebook ignoriert."
  },
  {
    "text": "meine Hausaufgaben abgeschrieben."
  },
  {
    "text": "so viel getrunken, dass ich den Weg nach Hause nicht mehr gefunden habe."
  },
  {
    "text": "eine Person geküsst, die hier im Raum ist."
  },
  {
    "text": "etwas nur aus Höflichkeit gegessen, obwohl es nicht geschmeckt hat."
  },
  {
    "text": "drei Nächte am Stück durchgefeiert."
  },
  {
    "text": "bei einem Film geweint."
  },
  {
    "text": "so viel getrunken, dass ich zwei Tage einen Kater hatte."
  },
  {
    "text": "den Geburtstag eines Familienangehörigen vergessen."
  },
  {
    "text": "eine Schlägerei angefangen."
  },
  {
    "text": "einen Fake Account erstellt, um eine Person zu stalken."
  },
  {
    "text": "geschafft, aus einem Pub oder Klub geschmissen zu werden."
  },
  {
    "text": "gelogen, um einen Job zu bekommen."
  },
  {
    "text": "einen Test ohne Vorbereitung geschrieben."
  },
  {
    "text": "vorgetäuscht krank zu sein, um die Schule zu schwänzen."
  },
  {
    "text": "bis 17 Uhr geschlafen."
  },
  {
    "text": "einen Lehrer einen Streich gespielt."
  },
  {
    "text": "eine Nacht durchgemacht."
  },
  {
    "text": "meine Eltern wegen schlechter Noten angelogen."
  },
  {
    "text": "unter der Dusche gepinkelt."
  },
  {
    "text": "eine OP gehabt."
  },
  {
    "text": "ein Foto von meinem Essen auf Instagram gepostet."
  },
  {
    "text": "Katzen- oder Hundefutter probiert."
  },
  {
    "text": "Schlaf gewandelt."
  },
  {
    "text": "Geburtstag eines Freundes vergessen."
  },
  {
    "text": "mit einer Waffe geschossen."
  },
  {
    "text": "jemanden eine falsche Telefonnummer gegeben."
  },
  {
    "text": "im Meer geschwommen."
  },
  {
    "text": "eine Woche verbracht, ohne zu duschen."
  },
  {
    "text": "mich mit einem Familienmitgleid betrunken."
  },
  {
    "text": "eine fremde Sprache gesprochen."
  },
  {
    "text": "einen Spickzettel benutzt."
  },
  {
    "text": "einen Schneemann gebaut."
  },
  {
    "text": "Sex in diesem Zimmer gehabt."
  },
  {
    "text": "eine Nacht im Krankenhaus verbracht."
  },
  {
    "text": "in der Öffentlichkeit gefurzt."
  },
  {
    "text": "im Schlaf geredet."
  },
  {
    "text": "so viel gelacht, dass ich pinkeln musste."
  },
  {
    "text": "daran gedacht auszuwandern."
  },
  {
    "text": "falsche Identität im Internet benutzt."
  },
  {
    "text": "Herr der Ringe gesehen."
  },
  {
    "text": "etwas auf jemand anderen geschoben, um nicht zugeben zu müssen, dass ich es gewesen bin."
  },
  {
    "text": "eine Schlange in meinen Händen gehalten."
  },
  {
    "text": "etwas bessesen, dass ich immer verstecke, wenn jemand anderes zu Besuch kommt."
  },
  {
    "text": "einen Tag im Schlafanzug verbracht."
  },
  {
    "text": "eine Zigarre geraucht."
  },
  {
    "text": "bei einer Hausparty etwas kaputt gemacht."
  },
  {
    "text": "etwas auf der Arbeit geklaut."
  },
  {
    "text": "einen Anwalt benötigt."
  },
  {
    "text": "einen Sextraum gehabt."
  },
  {
    "text": "Essensrest in meinem Bett gefunden."
  }
]
